Data type: genbank_genome; Columns: 9; Version: 1,,,,,,,,
staging_file_subdir_path,genome_name,source,release,genetic_code,scientific_name,genome_type,generate_ids_if_needed,generate_missing_genes
GenBank File Path,Genome Object Name,Source,Release,Genetic Code,Scientific Name,Genome Type,Generate IDs if Needed,Generate Missing Genes
bakta/CAN_1_bin.148.gbff,CAN_1_bin.148_bakta,Other,,11,unclassified bacterium,MAG,1,1
bakta/CAN_1_bin.174.gbff,CAN_1_bin.174_bakta,Other,,11,unclassified bacterium,MAG,1,1
bakta/CAN_1_bin.177.gbff,CAN_1_bin.177_bakta,Other,,11,unclassified bacterium,MAG,1,1
bakta/CAN_1_bin.180.gbff,CAN_1_bin.180_bakta,Other,,11,unclassified bacterium,MAG,1,1
bakta/CAN_1_bin.195.gbff,CAN_1_bin.195_bakta,Other,,11,unclassified bacterium,MAG,1,1
bakta/CAN_1_bin.2.gbff,CAN_1_bin.2_bakta,Other,,11,unclassified bacterium,MAG,1,1
bakta/CAN_1_bin.210.gbff,CAN_1_bin.210_bakta,Other,,11,unclassified bacterium,MAG,1,1
bakta/CAN_1_bin.48.gbff,CAN_1_bin.48_bakta,Other,,11,unclassified bacterium,MAG,1,1
bakta/CAN_1_bin.5.gbff,CAN_1_bin.5_bakta,Other,,11,unclassified bacterium,MAG,1,1
bakta/CAN_1_bin.77.gbff,CAN_1_bin.77_bakta,Other,,11,unclassified bacterium,MAG,1,1
bakta/CAN_1_bin.84.gbff,CAN_1_bin.84_bakta,Other,,11,unclassified bacterium,MAG,1,1
bakta/CAN_1_bin.98.gbff,CAN_1_bin.98_bakta,Other,,11,unclassified bacterium,MAG,1,1
bakta/CAN_2_bin.125.gbff,CAN_2_bin.125_bakta,Other,,11,unclassified bacterium,MAG,1,1
bakta/CAN_2_bin.151.gbff,CAN_2_bin.151_bakta,Other,,11,unclassified bacterium,MAG,1,1
bakta/CAN_2_bin.159.gbff,CAN_2_bin.159_bakta,Other,,11,unclassified bacterium,MAG,1,1
bakta/CAN_2_bin.173.gbff,CAN_2_bin.173_bakta,Other,,11,unclassified bacterium,MAG,1,1
bakta/CAN_2_bin.176.gbff,CAN_2_bin.176_bakta,Other,,11,unclassified bacterium,MAG,1,1
bakta/CAN_2_bin.23.gbff,CAN_2_bin.23_bakta,Other,,11,unclassified bacterium,MAG,1,1
bakta/CAN_2_bin.6.gbff,CAN_2_bin.6_bakta,Other,,11,unclassified bacterium,MAG,1,1
bakta/CAN_2_bin.66.gbff,CAN_2_bin.66_bakta,Other,,11,unclassified bacterium,MAG,1,1
bakta/CAN_3_bin.10.gbff,CAN_3_bin.10_bakta,Other,,11,unclassified bacterium,MAG,1,1
bakta/CAN_3_bin.124.gbff,CAN_3_bin.124_bakta,Other,,11,unclassified bacterium,MAG,1,1
bakta/CAN_3_bin.13.gbff,CAN_3_bin.13_bakta,Other,,11,unclassified bacterium,MAG,1,1
bakta/CAN_3_bin.203.gbff,CAN_3_bin.203_bakta,Other,,11,unclassified bacterium,MAG,1,1
bakta/CAN_3_bin.205.gbff,CAN_3_bin.205_bakta,Other,,11,unclassified bacterium,MAG,1,1
bakta/CAN_3_bin.208.gbff,CAN_3_bin.208_bakta,Other,,11,unclassified bacterium,MAG,1,1
bakta/CAN_3_bin.216.gbff,CAN_3_bin.216_bakta,Other,,11,unclassified bacterium,MAG,1,1
bakta/CAN_3_bin.221.gbff,CAN_3_bin.221_bakta,Other,,11,unclassified bacterium,MAG,1,1
bakta/CAN_3_bin.227.gbff,CAN_3_bin.227_bakta,Other,,11,unclassified bacterium,MAG,1,1
bakta/CAN_3_bin.43.gbff,CAN_3_bin.43_bakta,Other,,11,unclassified bacterium,MAG,1,1
bakta/CAN_4_bin.103.gbff,CAN_4_bin.103_bakta,Other,,11,unclassified bacterium,MAG,1,1
bakta/CAN_4_bin.107.gbff,CAN_4_bin.107_bakta,Other,,11,unclassified bacterium,MAG,1,1
bakta/CAN_4_bin.11.gbff,CAN_4_bin.11_bakta,Other,,11,unclassified bacterium,MAG,1,1
bakta/CAN_4_bin.112.gbff,CAN_4_bin.112_bakta,Other,,11,unclassified bacterium,MAG,1,1
bakta/CAN_4_bin.116.gbff,CAN_4_bin.116_bakta,Other,,11,unclassified bacterium,MAG,1,1
bakta/CAN_4_bin.142.gbff,CAN_4_bin.142_bakta,Other,,11,unclassified bacterium,MAG,1,1
bakta/CAN_4_bin.152.gbff,CAN_4_bin.152_bakta,Other,,11,unclassified bacterium,MAG,1,1
bakta/CAN_4_bin.154.gbff,CAN_4_bin.154_bakta,Other,,11,unclassified bacterium,MAG,1,1
bakta/CAN_4_bin.166.gbff,CAN_4_bin.166_bakta,Other,,11,unclassified bacterium,MAG,1,1
bakta/CAN_4_bin.195.gbff,CAN_4_bin.195_bakta,Other,,11,unclassified bacterium,MAG,1,1
bakta/CAN_4_bin.197.gbff,CAN_4_bin.197_bakta,Other,,11,unclassified bacterium,MAG,1,1
bakta/CAN_4_bin.208.gbff,CAN_4_bin.208_bakta,Other,,11,unclassified bacterium,MAG,1,1
bakta/CAN_4_bin.220.gbff,CAN_4_bin.220_bakta,Other,,11,unclassified bacterium,MAG,1,1
bakta/CAN_4_bin.225.gbff,CAN_4_bin.225_bakta,Other,,11,unclassified bacterium,MAG,1,1
bakta/CAN_4_bin.236.gbff,CAN_4_bin.236_bakta,Other,,11,unclassified bacterium,MAG,1,1
bakta/CAN_4_bin.238.gbff,CAN_4_bin.238_bakta,Other,,11,unclassified bacterium,MAG,1,1
bakta/CAN_4_bin.25.gbff,CAN_4_bin.25_bakta,Other,,11,unclassified bacterium,MAG,1,1
bakta/CAN_4_bin.35.gbff,CAN_4_bin.35_bakta,Other,,11,unclassified bacterium,MAG,1,1
bakta/CAN_4_bin.38.gbff,CAN_4_bin.38_bakta,Other,,11,unclassified bacterium,MAG,1,1
bakta/CAN_4_bin.44.gbff,CAN_4_bin.44_bakta,Other,,11,unclassified bacterium,MAG,1,1
bakta/CAN_4_bin.62.gbff,CAN_4_bin.62_bakta,Other,,11,unclassified bacterium,MAG,1,1
bakta/CAN_4_bin.64.gbff,CAN_4_bin.64_bakta,Other,,11,unclassified bacterium,MAG,1,1
bakta/CAN_4_bin.70.gbff,CAN_4_bin.70_bakta,Other,,11,unclassified bacterium,MAG,1,1
bakta/CAN_4_bin.72.gbff,CAN_4_bin.72_bakta,Other,,11,unclassified bacterium,MAG,1,1
bakta/CAN_4_bin.76.gbff,CAN_4_bin.76_bakta,Other,,11,unclassified bacterium,MAG,1,1
bakta/CAN_4_bin.92.gbff,CAN_4_bin.92_bakta,Other,,11,unclassified bacterium,MAG,1,1
bakta/CAN_5_bin.1.gbff,CAN_5_bin.1_bakta,Other,,11,unclassified bacterium,MAG,1,1
bakta/CAN_5_bin.100.gbff,CAN_5_bin.100_bakta,Other,,11,unclassified bacterium,MAG,1,1
bakta/CAN_5_bin.106.gbff,CAN_5_bin.106_bakta,Other,,11,unclassified bacterium,MAG,1,1
bakta/CAN_5_bin.112.gbff,CAN_5_bin.112_bakta,Other,,11,unclassified bacterium,MAG,1,1
bakta/CAN_5_bin.145.gbff,CAN_5_bin.145_bakta,Other,,11,unclassified bacterium,MAG,1,1
bakta/CAN_5_bin.146.gbff,CAN_5_bin.146_bakta,Other,,11,unclassified bacterium,MAG,1,1
bakta/CAN_5_bin.147.gbff,CAN_5_bin.147_bakta,Other,,11,unclassified bacterium,MAG,1,1
bakta/CAN_5_bin.149.gbff,CAN_5_bin.149_bakta,Other,,11,unclassified bacterium,MAG,1,1
bakta/CAN_5_bin.150.gbff,CAN_5_bin.150_bakta,Other,,11,unclassified bacterium,MAG,1,1
bakta/CAN_5_bin.167.gbff,CAN_5_bin.167_bakta,Other,,11,unclassified bacterium,MAG,1,1
bakta/CAN_5_bin.169.gbff,CAN_5_bin.169_bakta,Other,,11,unclassified bacterium,MAG,1,1
bakta/CAN_5_bin.173.gbff,CAN_5_bin.173_bakta,Other,,11,unclassified bacterium,MAG,1,1
bakta/CAN_5_bin.177.gbff,CAN_5_bin.177_bakta,Other,,11,unclassified bacterium,MAG,1,1
bakta/CAN_5_bin.180.gbff,CAN_5_bin.180_bakta,Other,,11,unclassified bacterium,MAG,1,1
bakta/CAN_5_bin.2.gbff,CAN_5_bin.2_bakta,Other,,11,unclassified bacterium,MAG,1,1
bakta/CAN_5_bin.40.gbff,CAN_5_bin.40_bakta,Other,,11,unclassified bacterium,MAG,1,1
bakta/CAN_5_bin.52.gbff,CAN_5_bin.52_bakta,Other,,11,unclassified bacterium,MAG,1,1
bakta/CAN_5_bin.62.gbff,CAN_5_bin.62_bakta,Other,,11,unclassified bacterium,MAG,1,1
bakta/CAN_5_bin.70.gbff,CAN_5_bin.70_bakta,Other,,11,unclassified bacterium,MAG,1,1
bakta/CAN_5_bin.9.gbff,CAN_5_bin.9_bakta,Other,,11,unclassified bacterium,MAG,1,1
bakta/CAN_5_bin.90.gbff,CAN_5_bin.90_bakta,Other,,11,unclassified bacterium,MAG,1,1
bakta/CAN_5_bin.97.gbff,CAN_5_bin.97_bakta,Other,,11,unclassified bacterium,MAG,1,1
bakta/coasm_bin.10.gbff,coasm_bin.10_bakta,Other,,11,unclassified bacterium,MAG,1,1
bakta/coasm_bin.103.gbff,coasm_bin.103_bakta,Other,,11,unclassified bacterium,MAG,1,1
bakta/coasm_bin.105.gbff,coasm_bin.105_bakta,Other,,11,unclassified bacterium,MAG,1,1
bakta/coasm_bin.108.gbff,coasm_bin.108_bakta,Other,,11,unclassified bacterium,MAG,1,1
bakta/coasm_bin.110.gbff,coasm_bin.110_bakta,Other,,11,unclassified bacterium,MAG,1,1
bakta/coasm_bin.112.gbff,coasm_bin.112_bakta,Other,,11,unclassified bacterium,MAG,1,1
bakta/coasm_bin.114.gbff,coasm_bin.114_bakta,Other,,11,unclassified bacterium,MAG,1,1
bakta/coasm_bin.115.gbff,coasm_bin.115_bakta,Other,,11,unclassified bacterium,MAG,1,1
bakta/coasm_bin.117.gbff,coasm_bin.117_bakta,Other,,11,unclassified bacterium,MAG,1,1
bakta/coasm_bin.118.gbff,coasm_bin.118_bakta,Other,,11,unclassified bacterium,MAG,1,1
bakta/coasm_bin.121.gbff,coasm_bin.121_bakta,Other,,11,unclassified bacterium,MAG,1,1
bakta/coasm_bin.125.gbff,coasm_bin.125_bakta,Other,,11,unclassified bacterium,MAG,1,1
bakta/coasm_bin.13.gbff,coasm_bin.13_bakta,Other,,11,unclassified bacterium,MAG,1,1
bakta/coasm_bin.131.gbff,coasm_bin.131_bakta,Other,,11,unclassified bacterium,MAG,1,1
bakta/coasm_bin.132.gbff,coasm_bin.132_bakta,Other,,11,unclassified bacterium,MAG,1,1
bakta/coasm_bin.133.gbff,coasm_bin.133_bakta,Other,,11,unclassified bacterium,MAG,1,1
bakta/coasm_bin.134.gbff,coasm_bin.134_bakta,Other,,11,unclassified bacterium,MAG,1,1
bakta/coasm_bin.135.gbff,coasm_bin.135_bakta,Other,,11,unclassified bacterium,MAG,1,1
bakta/coasm_bin.138.gbff,coasm_bin.138_bakta,Other,,11,unclassified bacterium,MAG,1,1
bakta/coasm_bin.139.gbff,coasm_bin.139_bakta,Other,,11,unclassified bacterium,MAG,1,1
bakta/coasm_bin.142.gbff,coasm_bin.142_bakta,Other,,11,unclassified bacterium,MAG,1,1
bakta/coasm_bin.147.gbff,coasm_bin.147_bakta,Other,,11,unclassified bacterium,MAG,1,1
bakta/coasm_bin.15.gbff,coasm_bin.15_bakta,Other,,11,unclassified bacterium,MAG,1,1
bakta/coasm_bin.150.gbff,coasm_bin.150_bakta,Other,,11,unclassified bacterium,MAG,1,1
bakta/coasm_bin.153.gbff,coasm_bin.153_bakta,Other,,11,unclassified bacterium,MAG,1,1
bakta/coasm_bin.156.gbff,coasm_bin.156_bakta,Other,,11,unclassified bacterium,MAG,1,1
bakta/coasm_bin.157.gbff,coasm_bin.157_bakta,Other,,11,unclassified bacterium,MAG,1,1
bakta/coasm_bin.161.gbff,coasm_bin.161_bakta,Other,,11,unclassified bacterium,MAG,1,1
bakta/coasm_bin.171.gbff,coasm_bin.171_bakta,Other,,11,unclassified bacterium,MAG,1,1
bakta/coasm_bin.178.gbff,coasm_bin.178_bakta,Other,,11,unclassified bacterium,MAG,1,1
bakta/coasm_bin.181.gbff,coasm_bin.181_bakta,Other,,11,unclassified bacterium,MAG,1,1
bakta/coasm_bin.183.gbff,coasm_bin.183_bakta,Other,,11,unclassified bacterium,MAG,1,1
bakta/coasm_bin.185.gbff,coasm_bin.185_bakta,Other,,11,unclassified bacterium,MAG,1,1
bakta/coasm_bin.188.gbff,coasm_bin.188_bakta,Other,,11,unclassified bacterium,MAG,1,1
bakta/coasm_bin.196.gbff,coasm_bin.196_bakta,Other,,11,unclassified bacterium,MAG,1,1
bakta/coasm_bin.2.gbff,coasm_bin.2_bakta,Other,,11,unclassified bacterium,MAG,1,1
bakta/coasm_bin.201.gbff,coasm_bin.201_bakta,Other,,11,unclassified bacterium,MAG,1,1
bakta/coasm_bin.202.gbff,coasm_bin.202_bakta,Other,,11,unclassified bacterium,MAG,1,1
bakta/coasm_bin.203.gbff,coasm_bin.203_bakta,Other,,11,unclassified bacterium,MAG,1,1
bakta/coasm_bin.206.gbff,coasm_bin.206_bakta,Other,,11,unclassified bacterium,MAG,1,1
bakta/coasm_bin.207.gbff,coasm_bin.207_bakta,Other,,11,unclassified bacterium,MAG,1,1
bakta/coasm_bin.208.gbff,coasm_bin.208_bakta,Other,,11,unclassified bacterium,MAG,1,1
bakta/coasm_bin.209.gbff,coasm_bin.209_bakta,Other,,11,unclassified bacterium,MAG,1,1
bakta/coasm_bin.213.gbff,coasm_bin.213_bakta,Other,,11,unclassified bacterium,MAG,1,1
bakta/coasm_bin.214.gbff,coasm_bin.214_bakta,Other,,11,unclassified bacterium,MAG,1,1
bakta/coasm_bin.215.gbff,coasm_bin.215_bakta,Other,,11,unclassified bacterium,MAG,1,1
bakta/coasm_bin.218.gbff,coasm_bin.218_bakta,Other,,11,unclassified bacterium,MAG,1,1
bakta/coasm_bin.219.gbff,coasm_bin.219_bakta,Other,,11,unclassified bacterium,MAG,1,1
bakta/coasm_bin.22.gbff,coasm_bin.22_bakta,Other,,11,unclassified bacterium,MAG,1,1
bakta/coasm_bin.221.gbff,coasm_bin.221_bakta,Other,,11,unclassified bacterium,MAG,1,1
bakta/coasm_bin.222.gbff,coasm_bin.222_bakta,Other,,11,unclassified bacterium,MAG,1,1
bakta/coasm_bin.223.gbff,coasm_bin.223_bakta,Other,,11,unclassified bacterium,MAG,1,1
bakta/coasm_bin.226.gbff,coasm_bin.226_bakta,Other,,11,unclassified bacterium,MAG,1,1
bakta/coasm_bin.231.gbff,coasm_bin.231_bakta,Other,,11,unclassified bacterium,MAG,1,1
bakta/coasm_bin.233.gbff,coasm_bin.233_bakta,Other,,11,unclassified bacterium,MAG,1,1
bakta/coasm_bin.237.gbff,coasm_bin.237_bakta,Other,,11,unclassified bacterium,MAG,1,1
bakta/coasm_bin.238.gbff,coasm_bin.238_bakta,Other,,11,unclassified bacterium,MAG,1,1
bakta/coasm_bin.24.gbff,coasm_bin.24_bakta,Other,,11,unclassified bacterium,MAG,1,1
bakta/coasm_bin.240.gbff,coasm_bin.240_bakta,Other,,11,unclassified bacterium,MAG,1,1
bakta/coasm_bin.246.gbff,coasm_bin.246_bakta,Other,,11,unclassified bacterium,MAG,1,1
bakta/coasm_bin.248.gbff,coasm_bin.248_bakta,Other,,11,unclassified bacterium,MAG,1,1
bakta/coasm_bin.249.gbff,coasm_bin.249_bakta,Other,,11,unclassified bacterium,MAG,1,1
bakta/coasm_bin.25.gbff,coasm_bin.25_bakta,Other,,11,unclassified bacterium,MAG,1,1
bakta/coasm_bin.250.gbff,coasm_bin.250_bakta,Other,,11,unclassified bacterium,MAG,1,1
bakta/coasm_bin.251.gbff,coasm_bin.251_bakta,Other,,11,unclassified bacterium,MAG,1,1
bakta/coasm_bin.255.gbff,coasm_bin.255_bakta,Other,,11,unclassified bacterium,MAG,1,1
bakta/coasm_bin.256.gbff,coasm_bin.256_bakta,Other,,11,unclassified bacterium,MAG,1,1
bakta/coasm_bin.258.gbff,coasm_bin.258_bakta,Other,,11,unclassified bacterium,MAG,1,1
bakta/coasm_bin.259.gbff,coasm_bin.259_bakta,Other,,11,unclassified bacterium,MAG,1,1
bakta/coasm_bin.260.gbff,coasm_bin.260_bakta,Other,,11,unclassified bacterium,MAG,1,1
bakta/coasm_bin.261.gbff,coasm_bin.261_bakta,Other,,11,unclassified bacterium,MAG,1,1
bakta/coasm_bin.262.gbff,coasm_bin.262_bakta,Other,,11,unclassified bacterium,MAG,1,1
bakta/coasm_bin.265.gbff,coasm_bin.265_bakta,Other,,11,unclassified bacterium,MAG,1,1
bakta/coasm_bin.268.gbff,coasm_bin.268_bakta,Other,,11,unclassified bacterium,MAG,1,1
bakta/coasm_bin.27.gbff,coasm_bin.27_bakta,Other,,11,unclassified bacterium,MAG,1,1
bakta/coasm_bin.271.gbff,coasm_bin.271_bakta,Other,,11,unclassified bacterium,MAG,1,1
bakta/coasm_bin.277.gbff,coasm_bin.277_bakta,Other,,11,unclassified bacterium,MAG,1,1
bakta/coasm_bin.278.gbff,coasm_bin.278_bakta,Other,,11,unclassified bacterium,MAG,1,1
bakta/coasm_bin.279.gbff,coasm_bin.279_bakta,Other,,11,unclassified bacterium,MAG,1,1
bakta/coasm_bin.28.gbff,coasm_bin.28_bakta,Other,,11,unclassified bacterium,MAG,1,1
bakta/coasm_bin.280.gbff,coasm_bin.280_bakta,Other,,11,unclassified bacterium,MAG,1,1
bakta/coasm_bin.286.gbff,coasm_bin.286_bakta,Other,,11,unclassified bacterium,MAG,1,1
bakta/coasm_bin.289.gbff,coasm_bin.289_bakta,Other,,11,unclassified bacterium,MAG,1,1
bakta/coasm_bin.290.gbff,coasm_bin.290_bakta,Other,,11,unclassified bacterium,MAG,1,1
bakta/coasm_bin.293.gbff,coasm_bin.293_bakta,Other,,11,unclassified bacterium,MAG,1,1
bakta/coasm_bin.298.gbff,coasm_bin.298_bakta,Other,,11,unclassified bacterium,MAG,1,1
bakta/coasm_bin.305.gbff,coasm_bin.305_bakta,Other,,11,unclassified bacterium,MAG,1,1
bakta/coasm_bin.31.gbff,coasm_bin.31_bakta,Other,,11,unclassified bacterium,MAG,1,1
bakta/coasm_bin.312.gbff,coasm_bin.312_bakta,Other,,11,unclassified bacterium,MAG,1,1
bakta/coasm_bin.313.gbff,coasm_bin.313_bakta,Other,,11,unclassified bacterium,MAG,1,1
bakta/coasm_bin.314.gbff,coasm_bin.314_bakta,Other,,11,unclassified bacterium,MAG,1,1
bakta/coasm_bin.315.gbff,coasm_bin.315_bakta,Other,,11,unclassified bacterium,MAG,1,1
bakta/coasm_bin.318.gbff,coasm_bin.318_bakta,Other,,11,unclassified bacterium,MAG,1,1
bakta/coasm_bin.320.gbff,coasm_bin.320_bakta,Other,,11,unclassified bacterium,MAG,1,1
bakta/coasm_bin.321.gbff,coasm_bin.321_bakta,Other,,11,unclassified bacterium,MAG,1,1
bakta/coasm_bin.322.gbff,coasm_bin.322_bakta,Other,,11,unclassified bacterium,MAG,1,1
bakta/coasm_bin.324.gbff,coasm_bin.324_bakta,Other,,11,unclassified bacterium,MAG,1,1
bakta/coasm_bin.325.gbff,coasm_bin.325_bakta,Other,,11,unclassified bacterium,MAG,1,1
bakta/coasm_bin.335.gbff,coasm_bin.335_bakta,Other,,11,unclassified bacterium,MAG,1,1
bakta/coasm_bin.336.gbff,coasm_bin.336_bakta,Other,,11,unclassified bacterium,MAG,1,1
bakta/coasm_bin.337.gbff,coasm_bin.337_bakta,Other,,11,unclassified bacterium,MAG,1,1
bakta/coasm_bin.338.gbff,coasm_bin.338_bakta,Other,,11,unclassified bacterium,MAG,1,1
bakta/coasm_bin.340.gbff,coasm_bin.340_bakta,Other,,11,unclassified bacterium,MAG,1,1
bakta/coasm_bin.347.gbff,coasm_bin.347_bakta,Other,,11,unclassified bacterium,MAG,1,1
bakta/coasm_bin.348.gbff,coasm_bin.348_bakta,Other,,11,unclassified bacterium,MAG,1,1
bakta/coasm_bin.350.gbff,coasm_bin.350_bakta,Other,,11,unclassified bacterium,MAG,1,1
bakta/coasm_bin.358.gbff,coasm_bin.358_bakta,Other,,11,unclassified bacterium,MAG,1,1
bakta/coasm_bin.362.gbff,coasm_bin.362_bakta,Other,,11,unclassified bacterium,MAG,1,1
bakta/coasm_bin.364.gbff,coasm_bin.364_bakta,Other,,11,unclassified bacterium,MAG,1,1
bakta/coasm_bin.365.gbff,coasm_bin.365_bakta,Other,,11,unclassified bacterium,MAG,1,1
bakta/coasm_bin.367.gbff,coasm_bin.367_bakta,Other,,11,unclassified bacterium,MAG,1,1
bakta/coasm_bin.373.gbff,coasm_bin.373_bakta,Other,,11,unclassified bacterium,MAG,1,1
bakta/coasm_bin.383.gbff,coasm_bin.383_bakta,Other,,11,unclassified bacterium,MAG,1,1
bakta/coasm_bin.385.gbff,coasm_bin.385_bakta,Other,,11,unclassified bacterium,MAG,1,1
bakta/coasm_bin.386.gbff,coasm_bin.386_bakta,Other,,11,unclassified bacterium,MAG,1,1
bakta/coasm_bin.388.gbff,coasm_bin.388_bakta,Other,,11,unclassified bacterium,MAG,1,1
bakta/coasm_bin.389.gbff,coasm_bin.389_bakta,Other,,11,unclassified bacterium,MAG,1,1
bakta/coasm_bin.392.gbff,coasm_bin.392_bakta,Other,,11,unclassified bacterium,MAG,1,1
bakta/coasm_bin.393.gbff,coasm_bin.393_bakta,Other,,11,unclassified bacterium,MAG,1,1
bakta/coasm_bin.394.gbff,coasm_bin.394_bakta,Other,,11,unclassified bacterium,MAG,1,1
bakta/coasm_bin.395.gbff,coasm_bin.395_bakta,Other,,11,unclassified bacterium,MAG,1,1
bakta/coasm_bin.399.gbff,coasm_bin.399_bakta,Other,,11,unclassified bacterium,MAG,1,1
bakta/coasm_bin.40.gbff,coasm_bin.40_bakta,Other,,11,unclassified bacterium,MAG,1,1
bakta/coasm_bin.400.gbff,coasm_bin.400_bakta,Other,,11,unclassified bacterium,MAG,1,1
bakta/coasm_bin.407.gbff,coasm_bin.407_bakta,Other,,11,unclassified bacterium,MAG,1,1
bakta/coasm_bin.409.gbff,coasm_bin.409_bakta,Other,,11,unclassified bacterium,MAG,1,1
bakta/coasm_bin.41.gbff,coasm_bin.41_bakta,Other,,11,unclassified bacterium,MAG,1,1
bakta/coasm_bin.411.gbff,coasm_bin.411_bakta,Other,,11,unclassified bacterium,MAG,1,1
bakta/coasm_bin.414.gbff,coasm_bin.414_bakta,Other,,11,unclassified bacterium,MAG,1,1
bakta/coasm_bin.417.gbff,coasm_bin.417_bakta,Other,,11,unclassified bacterium,MAG,1,1
bakta/coasm_bin.420.gbff,coasm_bin.420_bakta,Other,,11,unclassified bacterium,MAG,1,1
bakta/coasm_bin.423.gbff,coasm_bin.423_bakta,Other,,11,unclassified bacterium,MAG,1,1
bakta/coasm_bin.425.gbff,coasm_bin.425_bakta,Other,,11,unclassified bacterium,MAG,1,1
bakta/coasm_bin.426.gbff,coasm_bin.426_bakta,Other,,11,unclassified bacterium,MAG,1,1
bakta/coasm_bin.437.gbff,coasm_bin.437_bakta,Other,,11,unclassified bacterium,MAG,1,1
bakta/coasm_bin.441.gbff,coasm_bin.441_bakta,Other,,11,unclassified bacterium,MAG,1,1
bakta/coasm_bin.447.gbff,coasm_bin.447_bakta,Other,,11,unclassified bacterium,MAG,1,1
bakta/coasm_bin.448.gbff,coasm_bin.448_bakta,Other,,11,unclassified bacterium,MAG,1,1
bakta/coasm_bin.449.gbff,coasm_bin.449_bakta,Other,,11,unclassified bacterium,MAG,1,1
bakta/coasm_bin.466.gbff,coasm_bin.466_bakta,Other,,11,unclassified bacterium,MAG,1,1
bakta/coasm_bin.468.gbff,coasm_bin.468_bakta,Other,,11,unclassified bacterium,MAG,1,1
bakta/coasm_bin.469.gbff,coasm_bin.469_bakta,Other,,11,unclassified bacterium,MAG,1,1
bakta/coasm_bin.47.gbff,coasm_bin.47_bakta,Other,,11,unclassified bacterium,MAG,1,1
bakta/coasm_bin.471.gbff,coasm_bin.471_bakta,Other,,11,unclassified bacterium,MAG,1,1
bakta/coasm_bin.473.gbff,coasm_bin.473_bakta,Other,,11,unclassified bacterium,MAG,1,1
bakta/coasm_bin.476.gbff,coasm_bin.476_bakta,Other,,11,unclassified bacterium,MAG,1,1
bakta/coasm_bin.479.gbff,coasm_bin.479_bakta,Other,,11,unclassified bacterium,MAG,1,1
bakta/coasm_bin.481.gbff,coasm_bin.481_bakta,Other,,11,unclassified bacterium,MAG,1,1
bakta/coasm_bin.482.gbff,coasm_bin.482_bakta,Other,,11,unclassified bacterium,MAG,1,1
bakta/coasm_bin.484.gbff,coasm_bin.484_bakta,Other,,11,unclassified bacterium,MAG,1,1
bakta/coasm_bin.485.gbff,coasm_bin.485_bakta,Other,,11,unclassified bacterium,MAG,1,1
bakta/coasm_bin.489.gbff,coasm_bin.489_bakta,Other,,11,unclassified bacterium,MAG,1,1
bakta/coasm_bin.492.gbff,coasm_bin.492_bakta,Other,,11,unclassified bacterium,MAG,1,1
bakta/coasm_bin.495.gbff,coasm_bin.495_bakta,Other,,11,unclassified bacterium,MAG,1,1
bakta/coasm_bin.496.gbff,coasm_bin.496_bakta,Other,,11,unclassified bacterium,MAG,1,1
bakta/coasm_bin.497.gbff,coasm_bin.497_bakta,Other,,11,unclassified bacterium,MAG,1,1
bakta/coasm_bin.499.gbff,coasm_bin.499_bakta,Other,,11,unclassified bacterium,MAG,1,1
bakta/coasm_bin.502.gbff,coasm_bin.502_bakta,Other,,11,unclassified bacterium,MAG,1,1
bakta/coasm_bin.51.gbff,coasm_bin.51_bakta,Other,,11,unclassified bacterium,MAG,1,1
bakta/coasm_bin.512.gbff,coasm_bin.512_bakta,Other,,11,unclassified bacterium,MAG,1,1
bakta/coasm_bin.514.gbff,coasm_bin.514_bakta,Other,,11,unclassified bacterium,MAG,1,1
bakta/coasm_bin.518.gbff,coasm_bin.518_bakta,Other,,11,unclassified bacterium,MAG,1,1
bakta/coasm_bin.519.gbff,coasm_bin.519_bakta,Other,,11,unclassified bacterium,MAG,1,1
bakta/coasm_bin.521.gbff,coasm_bin.521_bakta,Other,,11,unclassified bacterium,MAG,1,1
bakta/coasm_bin.529.gbff,coasm_bin.529_bakta,Other,,11,unclassified bacterium,MAG,1,1
bakta/coasm_bin.53.gbff,coasm_bin.53_bakta,Other,,11,unclassified bacterium,MAG,1,1
bakta/coasm_bin.532.gbff,coasm_bin.532_bakta,Other,,11,unclassified bacterium,MAG,1,1
bakta/coasm_bin.535.gbff,coasm_bin.535_bakta,Other,,11,unclassified bacterium,MAG,1,1
bakta/coasm_bin.538.gbff,coasm_bin.538_bakta,Other,,11,unclassified bacterium,MAG,1,1
bakta/coasm_bin.539.gbff,coasm_bin.539_bakta,Other,,11,unclassified bacterium,MAG,1,1
bakta/coasm_bin.54.gbff,coasm_bin.54_bakta,Other,,11,unclassified bacterium,MAG,1,1
bakta/coasm_bin.540.gbff,coasm_bin.540_bakta,Other,,11,unclassified bacterium,MAG,1,1
bakta/coasm_bin.542.gbff,coasm_bin.542_bakta,Other,,11,unclassified bacterium,MAG,1,1
bakta/coasm_bin.543.gbff,coasm_bin.543_bakta,Other,,11,unclassified bacterium,MAG,1,1
bakta/coasm_bin.547.gbff,coasm_bin.547_bakta,Other,,11,unclassified bacterium,MAG,1,1
bakta/coasm_bin.548.gbff,coasm_bin.548_bakta,Other,,11,unclassified bacterium,MAG,1,1
bakta/coasm_bin.55.gbff,coasm_bin.55_bakta,Other,,11,unclassified bacterium,MAG,1,1
bakta/coasm_bin.551.gbff,coasm_bin.551_bakta,Other,,11,unclassified bacterium,MAG,1,1
bakta/coasm_bin.555.gbff,coasm_bin.555_bakta,Other,,11,unclassified bacterium,MAG,1,1
bakta/coasm_bin.556.gbff,coasm_bin.556_bakta,Other,,11,unclassified bacterium,MAG,1,1
bakta/coasm_bin.558.gbff,coasm_bin.558_bakta,Other,,11,unclassified bacterium,MAG,1,1
bakta/coasm_bin.561.gbff,coasm_bin.561_bakta,Other,,11,unclassified bacterium,MAG,1,1
bakta/coasm_bin.563.gbff,coasm_bin.563_bakta,Other,,11,unclassified bacterium,MAG,1,1
bakta/coasm_bin.572.gbff,coasm_bin.572_bakta,Other,,11,unclassified bacterium,MAG,1,1
bakta/coasm_bin.578.gbff,coasm_bin.578_bakta,Other,,11,unclassified bacterium,MAG,1,1
bakta/coasm_bin.579.gbff,coasm_bin.579_bakta,Other,,11,unclassified bacterium,MAG,1,1
bakta/coasm_bin.60.gbff,coasm_bin.60_bakta,Other,,11,unclassified bacterium,MAG,1,1
bakta/coasm_bin.61.gbff,coasm_bin.61_bakta,Other,,11,unclassified bacterium,MAG,1,1
bakta/coasm_bin.70.gbff,coasm_bin.70_bakta,Other,,11,unclassified bacterium,MAG,1,1
bakta/coasm_bin.74.gbff,coasm_bin.74_bakta,Other,,11,unclassified bacterium,MAG,1,1
bakta/coasm_bin.75.gbff,coasm_bin.75_bakta,Other,,11,unclassified bacterium,MAG,1,1
bakta/coasm_bin.82.gbff,coasm_bin.82_bakta,Other,,11,unclassified bacterium,MAG,1,1
bakta/coasm_bin.84.gbff,coasm_bin.84_bakta,Other,,11,unclassified bacterium,MAG,1,1
bakta/coasm_bin.85.gbff,coasm_bin.85_bakta,Other,,11,unclassified bacterium,MAG,1,1
bakta/coasm_bin.86.gbff,coasm_bin.86_bakta,Other,,11,unclassified bacterium,MAG,1,1
bakta/coasm_bin.88.gbff,coasm_bin.88_bakta,Other,,11,unclassified bacterium,MAG,1,1
bakta/coasm_bin.92.gbff,coasm_bin.92_bakta,Other,,11,unclassified bacterium,MAG,1,1
bakta/coasm_bin.93.gbff,coasm_bin.93_bakta,Other,,11,unclassified bacterium,MAG,1,1
